student_no,name_fa,name_en
140011114058,محمدمهدی فتحی,محمدمهدی فتحی
140011114091,مبینا سادات یوسفی,مبینا سادات یوسفی
140021114005,محمدسعید امرائی,محمدسعید امرائی
140021114015,امیرمحمد خدایاری,امیرمحمد خدایاری
140021114031,امیرمهدی سلطانی,امیرمهدی سلطانی
140021114034,مصطفی شقاقی,مصطفی شقاقی
140021114041,محمد صوفی رضائی,محمد صوفی رضائی
140021114051,علیرضا کائیدی,علیرضا کائیدی
140021114055,یاسان کریمی,یاسان کریمی
140021114069,پوریا هاشم پور,پوریا هاشم پور
140111114001,نازنین ابائی سنجانی,نازنین ابائی سنجانی
140111114002,شایان احمدی,شایان احمدی
140111114007,فاطمه اهنگرانی,فاطمه اهنگرانی
140111114012,عرشیا بیاتان,عرشیا بیاتان
140111114013,رضا بیاتی,رضا بیاتی
140111114014,فاطمه جنیدی,فاطمه جنیدی
140111114015,مهدیار جودکی,مهدیار جودکی
140111114017,ابوالفضل حصاری,ابوالفضل حصاری
140111114018,هلیا خلیلی,هلیا خلیلی
140111114019,میترا خواجوندصالحی,میترا خواجوندصالحی
140111114021,زهرا داودی,زهرا داودی
140111114024,کیارش رضائی,کیارش رضائی
140111114029,ستایش ساکی,ستایش ساکی
140111114030,سینا سجادی,سینا سجادی
140111114032,بهشید سعیدپور,بهشید سعیدپور
140111114033,مریم سلمان نژاد,مریم سلمان نژاد
140111114034,زهرا سلیمانی,زهرا سلیمانی
140111114036,شهراد شاهی بیاتانی,شهراد شاهی بیاتانی
140111114038,ارمین شکری,ارمین شکری
140111114039,امیرحسین شمشیری,امیرحسین شمشیری
140111114041,نگین صفائی,نگین صفائی
140111114047,عرفان عارف پژوه,عرفان عارف پژوه
140111114050,عرفان غلامی,عرفان غلامی
140111114051,علیرضا فارسی,علیرضا فارسی
140111114052,امیرمهدی فراهانی,امیرمهدی فراهانی
140111114055,مهدی قندی,مهدی قندی
140111114056,محمد حکیم,محمد حکیم
140111114061,محیا کلهرودی,محیا کلهرودی
140111114062,عارف کمالی جو,عارف کمالی جو
140111114064,نرگس گودرزی,نرگس گودرزی
140111114065,عباس متقی,عباس متقی
140111114070,نگار مشعوفی,نگار مشعوفی
140111114071,یاسین مصباحی اراسته,یاسین مصباحی اراسته
140111114075,مهسا موزونی,مهسا موزونی
140111114080,ساجده نظم ابادی,ساجده نظم ابادی
140111114082,امیررضا وفائی راد,امیررضا وفائی راد
140111114084,کیانا خجسته,کیانا خجسته
140111114085,حانیه سیاوشی,حانیه سیاوشی
140111114108,نگار کریمی مهرآبادی,نگار کریمی مهرآبادی
140121114045,زهرا شجاعی,زهرا شجاعی
140211114106,محمدمهدی رحمانی,محمدمهدی رحمانی
4032132001149011,امیر سلطانی,امیر سلطانی
4032171001149021,امیرعلی نجفی,امیرعلی نجفی
4041111001149000,محمد جواد رضایی,محمد جواد رضایی
4041111001149003,مریم بیگی,مریم بیگی
4041111001149006,محدثه فرهادی,محدثه فرهادی
4041111001149008,مهدیه هاشمی,مهدیه هاشمی
4041111001149009,نیایش سادات ابولحسنی,نیایش سادات ابولحسنی
4041111001149010,حمیدرضا احسانی,حمیدرضا احسانی
4041111001149011,دینا احمدی,دینا احمدی
4041111001149012,اشا اکرمیه,اشا اکرمیه
4041111001149013,محمد ایزدی تبار,محمد ایزدی تبار
4041111001149014,امیرمهدی,امیرمهدی
4041111001149015,باوان,باوان
4041111001149016,ستایش بهارلو,ستایش بهارلو
4041111001149017,زهرا یاشاخانلو,زهرا یاشاخانلو
4041111001149018,بهناز جودکی,بهناز جودکی
4041111001149019,نرگس حسن زاده,نرگس حسن زاده
4041111001149020,سیده غزل حسینی,سیده غزل حسینی
4041111001149021,محمد مهدی خالق وردی,محمد مهدی خالق وردی
4041111001149022,حسام خدادادی مرزیجرانی,حسام خدادادی مرزیجرانی
4041111001149023,مرتضی رجبی,مرتضی رجبی
4041111001149024,بهار,بهار
4041111001149025,بهراد سیف,بهراد سیف
4041111001149027,کیانا طاعتی,کیانا طاعتی
4041111001149028,محمدحسین عابدی,محمدحسین عابدی
4041111001149029,ملیکا علائی,ملیکا علائی
4041111001149031,یاسمن فراهانی,یاسمن فراهانی
4041111001149032,سارا فریدزاده,سارا فریدزاده
4041111001149033,محسن قزلباش,محسن قزلباش
4041111001149035,کمند محمدیان,کمند محمدیان
4041111001149036,مه تا هاشمی,مه تا هاشمی
4041111001149037,مهدیار,مهدیار
4041111001149038,امیرعباس وکیلی,امیرعباس وکیلی
9921114036,سیاووش کرمی,سیاووش کرمی
